Workbook

Sheet Sheet1
A1: Work Day | B1: User ID | C1: Name | D1: Actual Clock In | E1: Clock In | F1: Actual Clock Out | G1: Clock Out | H1: Group Name | I1: Action | J1: Schedule ID
A2: 5/26/2025 | B2: 50563 | C2: PHAN VAN LE | D2: 5/26/2025 7:38:04 AM | E2: 5/26/2025 7:38:04 AM | H2: WH Admin [8900] | I2: Switch Group | J2: 54
A3: 5/28/2025 | B3: 50679 | C3: Dang nhat duc anh | D3: 5/28/2025 7:29:00 AM | E3: 5/28/2025 7:29:00 AM | H3: WH Admin [8900] | I3: Switch Group | J3: 54
A4: 5/29/2025 | B4: 50599 | C4: Nguyen huu nghia | D4: 5/29/2025 7:29:00 AM | E4: 5/29/2025 7:29:00 AM | H4: WH Admin [8900] | I4: Switch Group | J4: 54
A5: 6/5/2025 | B5: 99911 | C5: Canh 2 | D5: 6/5/2025 10:17:27 PM | E5: 6/5/2025 10:17:27 PM | H5: WH Shipping [8905] | I5: Switch Group | J5: 62
A6: 6/9/2025 | B6: 99910 | C6: Canh 1 | D6: 6/9/2025 9:55:52 PM | E6: 6/9/2025 9:55:52 PM | H6: WH Shipping [8905] | I6: Switch Group | J6: 62
A7: 6/10/2025 | B7: 10174 | C7: Nguyen trung thanh | D7: 6/10/2025 7:29:00 AM | E7: 6/10/2025 7:29:00 AM | H7: WH Shipping [8903] | I7: Switch Group | J7: 62
A8: 6/10/2025 | B8: 00018 | C8: TRAN VAN PHUNG | D8: 6/10/2025 12:16:00 AM | E8: 6/10/2025 12:16:00 AM | H8: WH Shipping [8903] | I8: Switch Group | J8: 62
A9: 6/11/2025 | B9: 8033 | C9: Francisco | D9: 6/11/2025 1:00:35 PM | E9: 6/11/2025 1:00:35 PM | H9: WH Receiving - Case Goods [8902] | I9: Switch Group | J9: 54
A10: 6/13/2025 | B10: 50521 | C10: PHAM QUANG TRUONG | D10: 6/13/2025 9:52:21 AM | E10: 6/13/2025 9:52:21 AM | H10: WH Admin [8900] | I10: Switch Group | J10: 54
A11: 6/16/2025 | B11: 50600 | C11: NGUYEN THANH TRI | D11: 6/16/2025 9:19:00 AM | E11: 6/16/2025 9:19:00 AM | H11: WH Admin [8900] | I11: Switch Group | J11: 54
A12: 6/16/2025 | B12: 10338 | C12: Hoang duy loc | D12: 6/16/2025 7:35:51 AM | E12: 6/16/2025 7:35:51 AM | H12: WH Shipping [8903] | I12: Switch Group | J12: 62
A13: 6/16/2025 | B13: 00396 | C13: Huynh thanh qui | D13: 6/16/2025 9:23:23 AM | E13: 6/16/2025 9:23:23 AM | H13: WH Receiving - UPH [8906] | I13: Switch Group | J13: 54
... A24: 6/23/2025 | B24: 50385 | C24: DOAN NGOC TIEP | D24: 6/23/2025 7:50:38 AM | E24: 6/23/2025 7:50:38 AM | H24: WH Admin [8900] | I24: Switch Group | J24: 54

Sheet back up
A1: cico_key | B1: wh_id | C1: home_wh_id | D1: work_day | E1: work_shift_id | F1: employee_id | G1: clock_in | H1: clock_out | I1: actual_clock_in | J1: actual_clock_out | K1: supervisor_nbr | L1: home_supervisor_nbr | M1: group_nbr | N1: home_group_nbr | O1: department | P1: home_department | Q1: company_nbr | R1: facility_nbr | S1: date_created | T1: date_modified | U1: modified_by | V1: source | W1: processing_status | X1: processing_status_approver | Y1: processing_status_date | Z1: processing_transmit_date | AA1: is_scheduled
A2: 1000001320 | B2: 335 | C2: 335 | D2: 45818 | E2: 1 | F2: 1000123 | G2: 45818.011 | H2: NULL | I2: 45818.011 | J2: NULL | K2: 18 | L2: 18 | M2: 8903 | N2: 8903 | O2: 10806 | P2: 10806 | Q2: 0 | R2: 0 | S2: 45818.011 | T2: 45818.011 | U2: tr_la_employee_clock_in_out_upd - HJSService | V2: TEMP_CICO | W2: NULL | X2: NULL | Y2: NULL | Z2: NULL | AA2: I
A3: 1000001335 | B3: 335 | C3: 335 | D3: 45831 | E3: 1 | F3: 1000316 | G3: 45831.393 | H3: NULL | I3: 45831.393 | J3: NULL | K3: 80054 | L3: 80054 | M3: 8904 | N3: 8904 | O3: 10802 | P3: 10802 | Q3: 0 | R3: 0 | S3: 45831.393 | T3: 45831.393 | U3: tr_la_employee_clock_in_out_upd - HJSService | V3: TEMP_CICO | W3: NULL | X3: NULL | Y3: NULL | Z3: NULL | AA3: I
A4: 1000001326 | B4: 335 | C4: 335 | D4: 45824 | E4: 1 | F4: 1001245 | G4: 45824.391 | H4: NULL | I4: 45824.391 | J4: NULL | K4: 18 | L4: 18 | M4: 8906 | N4: 8906 | O4: 10806 | P4: 10806 | Q4: 0 | R4: 0 | S4: 45824.391 | T4: 45824.391 | U4: tr_la_employee_clock_in_out_upd - HJSService | V4: TEMP_CICO | W4: NULL | X4: NULL | Y4: NULL | Z4: NULL | AA4: I
A5: 1000001333 | B5: 335 | C5: 335 | D5: 45831 | E5: 1 | F5: 1001799 | G5: 45831.327 | H5: NULL | I5: 45831.327 | J5: NULL | K5: 737 | L5: 737 | M5: 8900 | N5: 8900 | O5: 10803 | P5: 10803 | Q5: 0 | R5: 0 | S5: 45831.327 | T5: 45831.327 | U5: tr_la_employee_clock_in_out_upd - HJSService | V5: TEMP_CICO | W5: NULL | X5: NULL | Y5: NULL | Z5: NULL | AA5: I
A6: 1000001329 | B6: 335 | C6: 335 | D6: 45829 | E6: 1 | F6: 1001808 | G6: 45829.977 | H6: NULL | I6: 45829.977 | J6: NULL | K6: 737 | L6: 737 | M6: 8900 | N6: 8900 | O6: 10807 | P6: 10807 | Q6: 0 | R6: 0 | S6: 45829.977 | T6: 45829.977 | U6: tr_la_employee_clock_in_out_upd - HJSService | V6: TEMP_CICO | W6: NULL | X6: NULL | Y6: NULL | Z6: NULL | AA6: I
A7: 1000001334 | B7: 335 | C7: 335 | D7: 45831 | E7: 1 | F7: 1001874 | G7: 45831.327 | H7: NULL | I7: 45831.327 | J7: NULL | K7: 737 | L7: 737 | M7: 8900 | N7: 8900 | O7: 10803 | P7: 10803 | Q7: 0 | R7: 0 | S7: 45831.327 | T7: 45831.327 | U7: tr_la_employee_clock_in_out_upd - HJSService | V7: TEMP_CICO | W7: NULL | X7: NULL | Y7: NULL | Z7: NULL | AA7: I
A8: 1000001332 | B8: 335 | C8: 335 | D8: 45831 | E8: 1 | F8: 1001917 | G8: 45831.327 | H8: NULL | I8: 45831.327 | J8: NULL | K8: 967 | L8: 967 | M8: 8900 | N8: 8900 | O8: 10807 | P8: 10807 | Q8: 0 | R8: 0 | S8: 45831.327 | T8: 45831.327 | U8: tr_la_employee_clock_in_out_upd - HJSService | V8: TEMP_CICO | W8: NULL | X8: NULL | Y8: NULL | Z8: NULL | AA8: I
A9: 848311749091 | B9: 335 | C9: 335 | D9: 45828 | E9: 1 | F9: 1001948 | G9: 45828.312 | H9: NULL | I9: 45828.312 | J9: NULL | K9: 737 | L9: 737 | M9: 8900 | N9: 8900 | O9: NULL | P9: 10806 | Q9: 1 | R9: 335 | S9: 45828.389 | T9: 45828.389 | U9: tr_la_employee_clock_in_out_upd - HJSService | V9: WebWise Clock In | W9: NULL | X9: NULL | Y9: NULL | Z9: NULL | AA9: I
A10: 1000001319 | B10: 335 | C10: 335 | D10: 45817 | E10: 1 | F10: 1002007 | G10: 45817.914 | H10: NULL | I10: 45817.914 | J10: NULL | K10: 967 | L10: 967 | M10: 8905 | N10: 8905 | O10: 10803 | P10: 10803 | Q10: 0 | R10: 0 | S10: 45817.914 | T10: 45817.914 | U10: tr_la_employee_clock_in_out_upd - HJSService | V10: TEMP_CICO | W10: NULL | X10: NULL | Y10: NULL | Z10: NULL | AA10: I
A11: 1000001318 | B11: 335 | C11: 335 | D11: 45813 | E11: 1 | F11: 1002008 | G11: 45813.929 | H11: NULL | I11: 45813.929 | J11: NULL | K11: 967 | L11: 967 | M11: 8905 | N11: 8905 | O11: 10803 | P11: 10803 | Q11: 0 | R11: 0 | S11: 45813.929 | T11: 45813.929 | U11: tr_la_employee_clock_in_out_upd - HJSService | V11: TEMP_CICO | W11: NULL | X11: NULL | Y11: NULL | Z11: NULL | AA11: I
A12: 1000001323 | B12: 335 | C12: 335 | D12: 45821 | E12: 1 | F12: 1002106 | G12: 45821.411 | H12: NULL | I12: 45821.411 | J12: NULL | K12: 18 | L12: 18 | M12: 8900 | N12: 8900 | O12: 10806 | P12: 10806 | Q12: 0 | R12: 0 | S12: 45821.411 | T12: 45821.411 | U12: tr_la_employee_clock_in_out_upd - HJSService | V12: TEMP_CICO | W12: NULL | X12: NULL | Y12: NULL | Z12: NULL | AA12: I
A13: 1000001330 | B13: 335 | C13: 335 | D13: 45831 | E13: 1 | F13: 1002156 | G13: 45831.323 | H13: NULL | I13: 45831.323 | J13: NULL | K13: 179 | L13: 179 | M13: 8900 | N13: 8900 | O13: 10805 | P13: 10805 | Q13: 0 | R13: 0 | S13: 45831.323 | T13: 45831.323 | U13: tr_la_employee_clock_in_out_upd - HJSService | V13: TEMP_CICO | W13: NULL | X13: NULL | Y13: NULL | Z13: NULL | AA13: I
A14: 454861610569 | B14: 335 | C14: 335 | D14: 45831 | E14: 1 | F14: 1002157 | G14: 45831.312 | H14: NULL | I14: 45831.312 | J14: NULL | K14: 18 | L14: 18 | M14: 8900 | N14: 8900 | O14: NULL | P14: 10806 | Q14: 1 | R14: 335 | S14: 45831.319 | T14: 45831.319 | U14: tr_la_employee_clock_in_out_upd - HJSService | V14: WebWise Clock In | W14: NULL | X14: NULL | Y14: NULL | Z14: NULL | AA14: I
A15: 727998544387 | B15: 335 | C15: 335 | D15: 45818 | E15: 1 | F15: 1002162 | G15: 45818.312 | H15: NULL | I15: 45818.312 | J15: NULL | K15: 18 | L15: 18 | M15: 8903 | N15: 8903 | O15: NULL | P15: 10806 | Q15: 1 | R15: 335 | S15: 45818.317 | T15: 45818.317 | U15: tr_la_employee_clock_in_out_upd - HJSService | V15: WebWise Clock In | W15: NULL | X15: NULL | Y15: NULL | Z15: NULL | AA15: I
A16: 1000001331 | B16: 335 | C16: 335 | D16: 45831 | E16: 1 | F16: 1002170 | G16: 45831.325 | H16: NULL | I16: 45831.325 | J16: NULL | K16: 179 | L16: 179 | M16: 8900 | N16: 8900 | O16: 10805 | P16: 10805 | Q16: 0 | R16: 0 | S16: 45831.325 | T16: 45831.325 | U16: tr_la_employee_clock_in_out_upd - HJSService | V16: TEMP_CICO | W16: NULL | X16: NULL | Y16: NULL | Z16: NULL | AA16: I
A17: 1000001288 | B17: 335 | C17: 335 | D17: 45803 | E17: 1 | F17: 1002175 | G17: 45803.318 | H17: NULL | I17: 45803.318 | J17: NULL | K17: 179 | L17: 179 | M17: 8900 | N17: 8900 | O17: 10805 | P17: 10805 | Q17: 0 | R17: 0 | S17: 45803.318 | T17: 45803.318 | U17: tr_la_employee_clock_in_out_upd - HJSService | V17: TEMP_CICO | W17: NULL | X17: NULL | Y17: NULL | Z17: NULL | AA17: I
A18: 1000001328 | B18: 335 | C18: 335 | D18: 45829 | E18: 1 | F18: 1002175 | G18: 45829.32 | H18: NULL | I18: 45829.32 | J18: NULL | K18: 179 | L18: 179 | M18: 8900 | N18: 8900 | O18: 10805 | P18: 10805 | Q18: 0 | R18: 0 | S18: 45829.32 | T18: 45829.32 | U18: tr_la_employee_clock_in_out_upd - HJSService | V18: TEMP_CICO | W18: NULL | X18: NULL | Y18: NULL | Z18: NULL | AA18: I
A19: 446009355833 | B19: 335 | C19: 335 | D19: 45806 | E19: 1 | F19: 1002269 | G19: 45806.312 | H19: NULL | I19: 45806.312 | J19: NULL | K19: 994 | L19: 994 | M19: 8900 | N19: 8900 | O19: NULL | P19: 10806 | Q19: 1 | R19: 335 | S19: 45806.328 | T19: 45806.328 | U19: tr_la_employee_clock_in_out_upd - HJSService | V19: WebWise Clock In | W19: NULL | X19: NULL | Y19: NULL | Z19: NULL | AA19: I
A20: 1000001325 | B20: 335 | C20: 335 | D20: 45824 | E20: 1 | F20: 1002272 | G20: 45824.388 | H20: NULL | I20: 45824.388 | J20: NULL | K20: 994 | L20: 994 | M20: 8900 | N20: 8900 | O20: 10806 | P20: 10806 | Q20: 0 | R20: 0 | S20: 45824.388 | T20: 45824.388 | U20: tr_la_employee_clock_in_out_upd - HJSService | V20: TEMP_CICO | W20: NULL | X20: NULL | Y20: NULL | Z20: NULL | AA20: I
A21: 1000001327 | B21: 335 | C21: 335 | D21: 45825 | E21: 1 | F21: 1002306 | G21: 45825.324 | H21: NULL | I21: 45825.324 | J21: NULL | K21: 179 | L21: 179 | M21: 8900 | N21: 8900 | O21: 10805 | P21: 10805 | Q21: 0 | R21: 0 | S21: 45825.324 | T21: 45825.324 | U21: tr_la_employee_clock_in_out_upd - HJSService | V21: TEMP_CICO | W21: NULL | X21: NULL | Y21: NULL | Z21: NULL | AA21: I
A22: 778536654192 | B22: 335 | C22: 335 | D22: 45805 | E22: 1 | F22: 1002352 | G22: 45805.312 | H22: NULL | I22: 45805.312 | J22: NULL | K22: 179 | L22: 179 | M22: 8900 | N22: 8900 | O22: NULL | P22: 10805 | Q22: 1 | R22: 335 | S22: 45805.354 | T22: 45805.354 | U22: tr_la_employee_clock_in_out_upd - HJSService | V22: WebWise Clock In | W22: NULL | X22: NULL | Y22: NULL | Z22: NULL | AA22: I
A23: 1000001322 | B23: 335 | C23: 335 | D23: 45819 | E23: 1 | F23: 1002388 | G23: 45819.542 | H23: NULL | I23: 45819.542 | J23: NULL | K23: 1002 | L23: 1002 | M23: 8902 | N23: 8902 | O23: 10803 | P23: 10803 | Q23: 0 | R23: 0 | S23: 45819.542 | T23: 45819.542 | U23: tr_la_employee_clock_in_out_upd - HJSService | V23: TEMP_CICO | W23: NULL | X23: NULL | Y23: NULL | Z23: NULL | AA23: I
A24: 1000001324 | B24: 335 | C24: 335 | D24: 45824 | E24: 1 | F24: 1002395 | G24: 45824.317 | H24: NULL | I24: 45824.317 | J24: NULL | K24: 18 | L24: 18 | M24: 8903 | N24: 8903 | O24: 10806 | P24: 10806 | Q24: 0 | R24: 0 | S24: 45824.317 | T24: 45824.317 | U24: tr_la_employee_clock_in_out_upd - HJSService | V24: TEMP_CICO | W24: NULL | X24: NULL | Y24: NULL | Z24: NULL | AA24: I

Sheet SQL
A1: select * from t_la_employee_clock_in_out(nolock) where employee_id in(select employee_id
A3: select * from t_la_employee_clock_in_out(nolock) where employee_id in(select employee_id
A4: from t_employee (nolock) where id in('50563',
A5: '50679',
A6: '50599',
A7: '99911',
A8: '99910',
A9: '10174',
A10: '00018',
A11: '8033',
A12: '50521',
A13: '50600',
... A52: rollback tran

Sheet bk
A1: Work Day | B1: User ID | C1: Name | D1: Actual Clock In | E1: Clock In | F1: Actual Clock Out | G1: Clock Out | H1: Group Name | I1: Action | J1: Schedule ID
A2: 10/31/2025 | B2: 50227 | C2: DO VAN KHANH | D2: 10/31/2025 8:09:56 PM | E2: 10/31/2025 8:09:56 PM | H2: WH Receiving - Case Goods [8902] | I2: Switch Group | J2: 54
A3: 11/1/2025 | B3: 50227 | C3: DO VAN KHANH | D3: 11/1/2025 8:12:58 PM | E3: 11/1/2025 8:12:58 PM | H3: WH Receiving - Case Goods [8902] | I3: Switch Group | J3: 54
A4: 11/1/2025 | B4: 50860 | C4: VO VAN ÐEN | D4: 11/1/2025 7:42:10 AM | E4: 11/1/2025 7:42:10 AM | H4: WH Receiving - UPH [8906] | I4: Switch Group | J4: 54
A5: 11/1/2025 | B5: 50866 | C5: HA NGOC TIEN | D5: 11/1/2025 7:37:58 AM | E5: 11/1/2025 7:37:58 AM | H5: WH Shipping [8905] | I5: Switch Group | J5: 62
A6: 11/1/2025 | B6: 50867 | C6: NGUYEN TRONG TIEN | D6: 11/1/2025 8:18:10 AM | E6: 11/1/2025 8:18:10 AM | H6: WH Shipping [8905] | I6: Switch Group | J6: 62
A7: 11/1/2025 | B7: 10398 | C7: Nguyen Van Trieu | D7: 11/1/2025 7:33:39 AM | E7: 11/1/2025 7:33:39 AM | H7: WH Shipping [8905] | I7: Switch Group | J7: 62
A8: 11/1/2025 | B8: 10360 | C8: PHAM VAN TIEN | D8: 11/1/2025 7:33:54 AM | E8: 11/1/2025 7:33:54 AM | H8: WH Shipping [8903] | I8: Switch Group | J8: 62
A9: 11/1/2025 | B9: 50820 | C9: NGUYEN CHI LINH | D9: 11/1/2025 7:33:27 AM | E9: 11/1/2025 7:33:27 AM | H9: WH Inventory [8904] | I9: Switch Group | J9: 54
A10: 11/1/2025 | B10: 50833 | C10: DOAN LE THANH VU | D10: 11/1/2025 7:37:53 AM | E10: 11/1/2025 7:37:53 AM | H10: WH Shipping [8903] | I10: Switch Group | J10: 62
A11: 11/1/2025 | B11: 50835 | C11: TRAN THANH DAT | D11: 11/1/2025 7:37:47 AM | E11: 11/1/2025 7:37:47 AM | H11: WH Shipping [8903] | I11: Switch Group | J11: 62
A12: 11/1/2025 | B12: 50836 | C12: NGUYEN THANH TOAN | D12: 11/1/2025 7:37:38 AM | E12: 11/1/2025 7:37:38 AM | H12: WH Shipping [8903] | I12: Switch Group | J12: 62
A13: 11/1/2025 | B13: 50827 | C13: NGUYEN VAN TUC | D13: 11/1/2025 7:42:19 AM | E13: 11/1/2025 7:42:19 AM | H13: WH Receiving - UPH [8906] | I13: Switch Group | J13: 54
... A175: 12/29/2025 | B175: 50547 | C175: CHAU MINH SANG | D175: 12/29/2025 10:27:11 AM | E175: 12/29/2025 10:27:11 AM | H175: WH Admin [8900] | I175: Switch Group | J175: 54

Sheet jim update
A1: Work Day | B1: User ID | C1: Name | D1: Actual Clock In | E1: Clock In | F1: Actual Clock Out | G1: Clock Out | H1: Group Name | I1: Action | J1: Schedule ID | K1: employee_id | L1: Work Day | M1: update t_la_employee_clock_in_out set clock_out=dateadd(hh,10,clock_in),actual_clock_out=dateadd(hh,10,actual_clock_in) | N1: employee_id
A2: 11/1/2025 | B2: 50820 | C2: NGUYEN CHI LINH | D2: 11/1/2025 7:33:27 AM | E2: 11/1/2025 7:33:27 AM | H2: WH Inventory [8904] | I2: Switch Group | J2: 54 | K2: =_xlfn.XLOOKUP(B2,Sheet4!C:C,Sheet4!A:A) -> 1002492 | L2: =TEXT(A2, "yyyy-mm-dd") -> 2025-11-01 | M2: ="where employee_id='" & K2 & "'" & " and work_day= '" & L2 & " " & "00:00:00.000' and clock_out is null" -> where employee_id='1002492' and work_day= '2025-11-01 00:00:00.000' and clock_out is null | N2: 1002492
A3: 11/1/2025 | B3: 50833 | C3: DOAN LE THANH VU | D3: 11/1/2025 7:37:53 AM | E3: 11/1/2025 7:37:53 AM | H3: WH Shipping [8903] | I3: Switch Group | J3: 62 | K3: =_xlfn.XLOOKUP(B3,Sheet4!C:C,Sheet4!A:A) -> 1002504 | L3: =TEXT(A3, "yyyy-mm-dd") -> 2025-11-01 | M3: ="where employee_id='" & K3 & "'" & " and work_day= '" & L3 & " " & "00:00:00.000' and clock_out is null" -> where employee_id='1002504' and work_day= '2025-11-01 00:00:00.000' and clock_out is null | N3: 1002504
A4: 11/1/2025 | B4: 50835 | C4: TRAN THANH DAT | D4: 11/1/2025 7:37:47 AM | E4: 11/1/2025 7:37:47 AM | H4: WH Shipping [8903] | I4: Switch Group | J4: 62 | K4: =_xlfn.XLOOKUP(B4,Sheet4!C:C,Sheet4!A:A) -> 1002505 | L4: =TEXT(A4, "yyyy-mm-dd") -> 2025-11-01 | M4: ="where employee_id='" & K4 & "'" & " and work_day= '" & L4 & " " & "00:00:00.000' and clock_out is null" -> where employee_id='1002505' and work_day= '2025-11-01 00:00:00.000' and clock_out is null | N4: 1002505
A5: 11/1/2025 | B5: 50836 | C5: NGUYEN THANH TOAN | D5: 11/1/2025 7:37:38 AM | E5: 11/1/2025 7:37:38 AM | H5: WH Shipping [8903] | I5: Switch Group | J5: 62 | K5: =_xlfn.XLOOKUP(B5,Sheet4!C:C,Sheet4!A:A) -> 1002506 | L5: =TEXT(A5, "yyyy-mm-dd") -> 2025-11-01 | M5: ="where employee_id='" & K5 & "'" & " and work_day= '" & L5 & " " & "00:00:00.000' and clock_out is null" -> where employee_id='1002506' and work_day= '2025-11-01 00:00:00.000' and clock_out is null | N5: 1002506
A6: 11/1/2025 | B6: 50827 | C6: NGUYEN VAN TUC | D6: 11/1/2025 7:42:19 AM | E6: 11/1/2025 7:42:19 AM | H6: WH Receiving - UPH [8906] | I6: Switch Group | J6: 54 | K6: =_xlfn.XLOOKUP(B6,Sheet4!C:C,Sheet4!A:A) -> 1002496 | L6: =TEXT(A6, "yyyy-mm-dd") -> 2025-11-01 | M6: ="where employee_id='" & K6 & "'" & " and work_day= '" & L6 & " " & "00:00:00.000' and clock_out is null" -> where employee_id='1002496' and work_day= '2025-11-01 00:00:00.000' and clock_out is null | N6: 1002496
A7: 11/1/2025 | B7: 50296 | C7: NGUYEN VAN CHUNG | D7: 11/1/2025 8:40:09 PM | E7: 11/1/2025 8:40:09 PM | H7: WH Admin [8900] | I7: Switch Group | J7: 54 | K7: =_xlfn.XLOOKUP(B7,Sheet4!C:C,Sheet4!A:A) -> 1001823 | L7: =TEXT(A7, "yyyy-mm-dd") -> 2025-11-01 | M7: ="where employee_id='" & K7 & "'" & " and work_day= '" & L7 & " " & "00:00:00.000' and clock_out is null" -> where employee_id='1001823' and work_day= '2025-11-01 00:00:00.000' and clock_out is null | N7: 1001823
A8: 11/1/2025 | B8: 50876 | C8: NGUYEN NGOC SON | D8: 11/1/2025 7:38:29 AM | E8: 11/1/2025 7:38:29 AM | H8: WH Shipping [8903] | I8: Switch Group | J8: 62 | K8: =_xlfn.XLOOKUP(B8,Sheet4!C:C,Sheet4!A:A) -> 1002551 | L8: =TEXT(A8, "yyyy-mm-dd") -> 2025-11-01 | M8: ="where employee_id='" & K8 & "'" & " and work_day= '" & L8 & " " & "00:00:00.000' and clock_out is null" -> where employee_id='1002551' and work_day= '2025-11-01 00:00:00.000' and clock_out is null | N8: 1002551
A9: 11/1/2025 | B9: 50871 | C9: NGUYEN HUU DUY | D9: 11/1/2025 7:38:03 AM | E9: 11/1/2025 7:38:03 AM | H9: WH Shipping [8905] | I9: Switch Group | J9: 62 | K9: =_xlfn.XLOOKUP(B9,Sheet4!C:C,Sheet4!A:A) -> 1002530 | L9: =TEXT(A9, "yyyy-mm-dd") -> 2025-11-01 | M9: ="where employee_id='" & K9 & "'" & " and work_day= '" & L9 & " " & "00:00:00.000' and clock_out is null" -> where employee_id='1002530' and work_day= '2025-11-01 00:00:00.000' and clock_out is null | N9: 1002530
A10: 11/1/2025 | B10: 10437 | C10: Nguyen Thanh Dat | D10: 11/1/2025 9:47:40 AM | E10: 11/1/2025 9:47:40 AM | H10: WH Shipping [8905] | I10: Switch Group | J10: 62 | K10: =_xlfn.XLOOKUP(B10,Sheet4!C:C,Sheet4!A:A) -> 1002536 | L10: =TEXT(A10, "yyyy-mm-dd") -> 2025-11-01 | M10: ="where employee_id='" & K10 & "'" & " and work_day= '" & L10 & " " & "00:00:00.000' and clock_out is null" -> where employee_id='1002536' and work_day= '2025-11-01 00:00:00.000' and clock_out is null | N10: 1002536
A11: 11/1/2025 | B11: 50872 | C11: Chiem Minh Nha | D11: 11/1/2025 7:34:29 AM | E11: 11/1/2025 7:34:29 AM | H11: WH Receiving - UPH [8906] | I11: Switch Group | J11: 54 | K11: =_xlfn.XLOOKUP(B11,Sheet4!C:C,Sheet4!A:A) -> 1002541 | L11: =TEXT(A11, "yyyy-mm-dd") -> 2025-11-01 | M11: ="where employee_id='" & K11 & "'" & " and work_day= '" & L11 & " " & "00:00:00.000' and clock_out is null" -> where employee_id='1002541' and work_day= '2025-11-01 00:00:00.000' and clock_out is null | N11: 1002541
A12: 11/1/2025 | B12: 50875 | C12: NGUYEN XUAN THUY | D12: 11/1/2025 7:43:00 AM | E12: 11/1/2025 7:43:00 AM | H12: WH Shipping [8903] | I12: Switch Group | J12: 62 | K12: =_xlfn.XLOOKUP(B12,Sheet4!C:C,Sheet4!A:A) -> 1002543 | L12: =TEXT(A12, "yyyy-mm-dd") -> 2025-11-01 | M12: ="where employee_id='" & K12 & "'" & " and work_day= '" & L12 & " " & "00:00:00.000' and clock_out is null" -> where employee_id='1002543' and work_day= '2025-11-01 00:00:00.000' and clock_out is null | N12: 1002543
A13: 11/1/2025 | B13: 50887 | C13: VAN LAM TRUONG | D13: 11/1/2025 7:38:10 AM | E13: 11/1/2025 7:38:10 AM | H13: WH Shipping [8905] | I13: Switch Group | J13: 62 | K13: =_xlfn.XLOOKUP(B13,Sheet4!C:C,Sheet4!A:A) -> 1002545 | L13: =TEXT(A13, "yyyy-mm-dd") -> 2025-11-01 | M13: ="where employee_id='" & K13 & "'" & " and work_day= '" & L13 & " " & "00:00:00.000' and clock_out is null" -> where employee_id='1002545' and work_day= '2025-11-01 00:00:00.000' and clock_out is null | N13: 1002545
... A168: 12/29/2025 | B168: 50547 | C168: CHAU MINH SANG | D168: 12/29/2025 10:27:11 AM | E168: 12/29/2025 10:27:11 AM | H168: WH Admin [8900] | I168: Switch Group | J168: 54 | K168: =_xlfn.XLOOKUP(B168,Sheet4!C:C,Sheet4!A:A) -> 1002157 | L168: =TEXT(A168, "yyyy-mm-dd") -> 2025-12-29 | M168: ="where employee_id='" & K168 & "'" & " and work_day= '" & L168 & " " & "00:00:00.000' and clock_out is null" -> where employee_id='1002157' and work_day= '2025-12-29 00:00:00.000' and clock_out is null | N168: 1002157

Sheet Sheet4
A1: employee_id | B1: emp_number | C1: emp_number
A2: 1002581 | B2: 10176 | C2: 10176
A3: 1000782 | B3: 26865 | C3: 26865
A4: 1000340 | B4: 90267 | C4: 90267
A5: 1000339 | B5: 90272 | C5: 90272
A6: 339 | B6: 33339 | C6: 33339
A7: 291 | B7: 34978 | C7: 34978
A8: 336 | B8: 35521 | C8: 35521
A9: 342 | B9: 35938 | C9: 35938
A10: 1001617 | B10: 50161 | C10: 50161
A11: 1001618 | B11: 50162 | C11: 50162
A12: 1002240 | B12: 10263 | C12: 10263
A13: 1001243 | B13: 24543 | C13: 24543
... A1587: 1001621 | B1587: 50167 | C1587: 50167
